{
    "edges": [
        {
            "capacity": 200,
            "freeFlowTravelTime": 2.0,
            "id": 0,
            "label": "",
            "length": 4,
            "source": 0,
            "target": 1,
            "toll": 3.172953889812454,
            "vehicles": 147.0
        },
        {
            "capacity": 450,
            "freeFlowTravelTime": 4.5,
            "id": 1,
            "label": "",
            "length": 9,
            "source": 0,
            "target": 2,
            "toll": 1.4334049170299972,
            "vehicles": 133.0
        },
        {
            "capacity": 200,
            "freeFlowTravelTime": 2.0,
            "id": 2,
            "label": "",
            "length": 4,
            "source": 1,
            "target": 2,
            "toll": 1.9829648782447447,
            "vehicles": 172.0
        },
        {
            "capacity": 450,
            "freeFlowTravelTime": 4.5,
            "id": 3,
            "label": "",
            "length": 9,
            "source": 2,
            "target": 1,
            "toll": 0.24405358975153546,
            "vehicles": 152.0
        }
    ],
    "historyStates": [
        [
            [
                0,
                52,
                52
            ],
            [
                0,
                147,
                147
            ],
            [
                0,
                0,
                134
            ],
            [
                0,
                294,
                0
            ]
        ],
        [
            [
                0,
                72.0,
                48.0
            ],
            [
                0,
                48.0,
                72.0
            ],
            [
                0,
                0,
                124.0
            ],
            [
                0,
                213.0,
                0
            ]
        ],
        [
            [
                0,
                56.0,
                56.0
            ],
            [
                0,
                70.0,
                70.0
            ],
            [
                0,
                0,
                104.0
            ],
            [
                0,
                111.0,
                0
            ]
        ],
        [
            [
                0,
                72.0,
                95.99999999999999
            ],
            [
                0,
                72.0,
                87.99999999999999
            ],
            [
                0,
                0,
                144.0
            ],
            [
                0,
                166.0,
                0
            ]
        ],
        [
            [
                0,
                72.0,
                80.99999999999999
            ],
            [
                0,
                72.0,
                98.99999999999999
            ],
            [
                0,
                0,
                185.99999999999997
            ],
            [
                0,
                153.0,
                0
            ]
        ],
        [
            [
                0,
                95.99999999999999,
                87.99999999999999
            ],
            [
                0,
                95.99999999999999,
                72.0
            ],
            [
                0,
                0,
                161.0
            ],
            [
                0,
                160.0,
                0
            ]
        ],
        [
            [
                0,
                62.99999999999999,
                84.0
            ],
            [
                0,
                70.0,
                62.99999999999999
            ],
            [
                0,
                0,
                172.0
            ],
            [
                0,
                152.0,
                0
            ]
        ]
    ],
    "nodes": [
        {
            "id": 0,
            "label": 0
        },
        {
            "id": 1,
            "label": 1
        },
        {
            "id": 2,
            "label": 2
        }
    ],
    "originDestinationPairs": [
        {
            "containedRoads": [
                [
                    0,
                    2
                ],
                [
                    2,
                    1
                ],
                [
                    0,
                    1
                ]
            ],
            "demand": 0,
            "destination": 1,
            "origin": 0
        },
        {
            "containedRoads": [
                [
                    0,
                    2
                ],
                [
                    0,
                    1
                ],
                [
                    1,
                    2
                ]
            ],
            "demand": 0,
            "destination": 2,
            "origin": 0
        },
        {
            "containedRoads": [
                [
                    1,
                    2
                ]
            ],
            "demand": 0,
            "destination": 2,
            "origin": 1
        },
        {
            "containedRoads": [
                [
                    2,
                    1
                ]
            ],
            "demand": 0,
            "destination": 1,
            "origin": 2
        }
    ]
}